tic,NAME,EP0,ROE,BM,DIVYIELD,EBIT_EV,SALE_EV,OCF_GROWTH,SALES_GROWTH,AVG_SALES_GROWTH,EPS_MOMENTUM,ANN_ACCRUAL,LTM_ACCRUAL,CHG_AT,LTM_AT,NOA_ASSETS,RD_ASSETS,EBITDA_DEBT,NET_EXT_FIN,pastret,LT_PB,CF_PRC,FCF_PRC,IVAL_PRC,REL_PRC,EP1,EP2,EPS_LTG,PEG_VAL,SURP_MOM,FEPS_DELTA,REV_MOM,EPS_SURP,FDISP
ALCO,"Alico, Inc.",7.864367,17.57391,0.7677823,3.971963,0.0372862,0.237748,-0.6594316,0.1568242,31.55749,4,0.001314863,0.01594343,0.03358433,0.02608281,0.9581355,#N/A,0.1938257,-0.5671657,25.93145,0.7545017,0.03700078,0.1024002,0.7300987,0.9851088,-0.009534883,0.01674419,#N/A,#N/A,0.01481847,-2.242424,-2,0.01621382,#N/A
ANDE,"Andersons, Inc.",18.62563,10.34933,0.54374,1.821235,0.007259895,3.995167,0.08145392,0.5460904,1993.39,6,-0.02714267,-0.02714267,0.8442674,0.8621228,0.6391456,#N/A,0.1846041,-0.07514809,82.55424,1.236516,-0.02588333,0.1285456,0.7598357,0.9845605,0.05350681,0.05333448,#N/A,#N/A,0.04165949,0.09154929,1.25,0.02859153,0.000724311
ADM,Archer-Daniels-Midland Company,20.5215,12.75514,0.4068494,2.189673,0.09064116,1.308211,0.2940832,0.3240469,427.0294,6,0.0415474,0.0415474,0.2366621,0.2366621,0.7579608,#N/A,0.552364,-0.03503714,53.1266,2.795742,0.1193741,0.06604944,0.626444,0.9977651,0.05444875,0.05518224,5.532808,0.2293993,0.01011383,0.04506695,1.4,0.007463576,0.000992745
BRID,Bridgford Foods Corporation,#N/A,-9.000304,0.7609354,0,#N/A,1.818105,-0.0161575,0.2126094,94.23923,0,0.07139352,0.08175194,0.1203889,0.1315658,0.8929574,#N/A,#N/A,0.1286554,-10.94772,0.6828653,-0.1225219,-0.1001845,#N/A,0.5,#N/A,#N/A,#N/A,#N/A,#N/A,#N/A,#N/A,#N/A,#N/A
BF.B,Brown-Forman Corporation Class B,41.28998,32.36415,0.07585752,0.927635,0.02668414,0.1077703,1.762076,0.1217026,67.77908,3,0.1064453,-0.04417892,-0.04981774,0.03292018,0.8782167,#N/A,0.5143963,-0.3068711,1.064646,36.86681,0.02794592,0.03423978,0.1745242,0.8499448,0.02466465,0.02740516,9.143383,0.1354486,0.001911294,0.000145926,0.5294118,0.001797434,0.000696406
CPB,Campbell Soup Company,15.54237,29.55995,0.2355451,3.339433,0.06739206,0.4340387,1.384385,-0.07395427,202.0328,1,-0.04729113,-0.04663318,0.02211457,-0.06436288,0.7389737,0.00732277,0.2823623,-0.8161616,16.09907,5.692417,0.08367126,0.1136242,0.4712074,0.9274051,0.05897327,0.06067034,1.639772,0.1566276,0.00488626,-0.000458338,-0.1111111,0.005177509,0.000348143
STZ,"Constellation Brands, Inc. Class A",#N/A,-0.3189793,0.2421471,1.409888,0.05858064,0.1500297,-0.4372768,0.02414814,87.13235,3,-0.09240827,-0.09240828,0.01659435,0.01662457,0.8221695,#N/A,0.3132914,-0.5794817,19.41447,#N/A,0.05583962,0.03985182,0.4154561,0.9970334,0.04331865,0.05008115,9.159105,0.2599119,0.004572038,0.1135325,-0.8571429,0.003002725,0.000444668
CASY,"Casey's General Stores, Inc.",25.06242,15.77331,0.2728674,0.5940862,0.04909163,1.191413,-0.5549991,0.4613985,283.6466,3,0.05763869,0.1602946,-0.3145111,0.4566739,1.030932,0,0.4140806,0.5535972,13.78682,2.048633,0.08459039,-0.04566994,0.4360516,0.9417489,0.040796,0.04364546,10.04546,0.2357193,0.000898256,0.002836836,0.5833333,0.003608562,0.00101911
CHD,"Church & Dwight Co., Inc.",31.09221,26.46476,0.1292396,0.9853658,0.03556186,0.1886595,1.435428,0.06011281,32.81822,6,0.07650383,0.07650383,-0.02226853,-0.02226853,0.8963109,0.01396661,0.4663467,-0.2043944,23.98033,31.47034,0.03972482,0.01016505,0.2527188,0.9803138,0.03084983,0.03323105,7.645863,0.1596489,0.003616823,-0.00634434,-0.368421,0.001665351,0.000194727
CLX,Clorox Company,73.48211,32.99933,0.01739751,2.495692,0.04841921,0.3338823,1.839431,-0.05901117,6.326143,0,-0.04240057,-0.125412,-0.0163523,-0.1365503,0.6812603,0.02297384,0.3443708,-0.6329696,-7.954115,11.7117,0.04830172,0.06130816,0.1294683,0.7434528,0.0280144,0.03756334,-3.850108,0.01288541,-0.0028311,-0.02928032,-1.4375,0.004690394,0.001142355
COKE,"Coca-Cola Consolidated, Inc.",24.45107,30.9575,0.1540045,0.1615013,0.05512791,1.026683,-0.5897546,0.1109082,0.421434,3,-0.005166894,-0.005166895,0.08489847,0.08489847,0.4890872,#N/A,0.7734274,-0.252903,24.0536,3.42643,0.1128887,0.05891383,0.4360424,0.7728683,0.07051131,0.07211948,#N/A,#N/A,0.009929205,0,-1,0.01950821,#N/A
KO,Coca-Cola Company,29.29733,46.20077,0.08043391,2.837359,0.03701789,0.1212443,-0.9261732,0.1724848,30.34333,6,0.03735756,0.0339444,0.04603067,0.04603067,0.796263,#N/A,0.31054,-0.300998,22.62112,8.470634,0.04415315,0.02849933,0.2291948,0.995773,0.03714373,0.0401254,8.192171,0.2207122,0.005688618,-0.003955544,0.2083333,0.003563989,0.000244046
CL,Colgate-Palmolive Company,31.93123,320.4142,0.008886159,2.097492,0.04910601,0.229639,1.130585,0.05767713,35.66821,1,-0.03301034,-0.03301034,0.06116319,0.06116319,0.585606,#N/A,0.6253968,-0.6308847,9.775007,15.70568,0.04851639,0.04073917,0.1674906,0.952342,0.0396508,0.04317429,5.393273,0.174863,0.000497438,-0.02355899,-1.142857,0.000305538,0.000239633
CAG,"Conagra Brands, Inc.",16.96458,12.20223,0.5004154,2.723097,0.07832911,0.4258007,1.541353,-0.03133862,111.5407,0,-0.00389218,0.02037027,0.006059319,-0.02001607,0.8112521,#N/A,0.217368,-0.2583545,10.44768,6.832853,0.06562441,0.0427953,0.7576674,0.9347659,0.06431308,0.06978653,3.952853,0.2303142,-0.001514013,-0.02816709,-0.9333333,0.002073329,0.001227206
TAP,Molson Coors Beverage Company Class B,12.28526,7.801537,1.089132,1.467098,0.0651937,0.5347334,0.4605702,0.06481253,27.65442,6,-0.001590541,-0.001590541,0.03053236,0.03053236,0.7262489,#N/A,0.2632049,-0.4218519,27.11233,2.999353,0.1277288,0.09710956,1.367984,0.9235523,0.06976119,0.07457322,0.6478956,0.143714,0.01030327,-0.000704989,-0.4,0.01010416,0.000813522
FARM,Farmer Bros. Co.,#N/A,-25.30881,0.83264,0,#N/A,1.754932,0.210613,0.02609558,1048.433,6,-0.0768408,0.05001269,-0.2279688,0.1638103,0.5119312,#N/A,#N/A,0.01686394,-13.5169,0.3492049,-0.03125909,-0.02050464,0.2463235,0.5282915,-0.1476122,-0.08683068,8,-0.7675833,0.07814762,0,-1,0.1170767,#N/A
FLO,"Flowers Foods, Inc.",28.38103,14.81086,0.2428658,3.021478,0.05451814,0.63377,-0.2573329,-0.01304107,170.1487,0,-0.0222336,-0.0222336,-0.02700615,-0.02700615,0.7859479,#N/A,0.5297695,-0.3602044,11.27167,4.469399,0.05826753,0.04624998,0.4301424,0.9239825,0.0467783,0.04835623,3.286377,0.1550491,0.003579663,-0.003871985,0.5,0.004247058,0.000850405
GIS,"General Mills, Inc.",19.43533,24.60862,0.2237369,3.21349,0.06387966,0.3353041,-0.7911963,-6.45E-05,79.22968,3,0.01795503,-0.04042786,0.000610888,-0.008348167,0.7387227,#N/A,0.273723,-0.6483514,17.85707,13.88991,0.06847838,0.07457061,0.4340943,0.9986289,0.05258822,0.05423589,5.746666,0.2260592,0.002046267,0.02436241,0.6111111,0.003119524,0.000264963
KHC,Kraft Heinz Company,52.94333,2.036197,0.9284171,4.539007,0.08165172,0.3605067,4.389258,-0.005384968,150.7615,3,-0.07530121,-0.07530121,0.00938791,0.00938791,0.7085658,#N/A,0.2713729,-1.038915,20.016,7.03062,0.1010189,0.1765382,1.170616,0.9644048,0.06038102,0.06251442,-0.8106934,0.1011818,0.01568036,-0.001056223,0.2631579,0.005796973,0.000661542
HSY,Hershey Company,32.29607,59.20016,0.05840465,1.762547,0.04400337,0.1716809,1.441463,0.1008155,2.750469,6,0.109942,0.109942,-0.02561629,-0.02561629,0.9991302,#N/A,0.4596396,-0.3032384,28.6744,15.6999,0.04412043,0.01429338,0.1965235,0.9943072,0.03456984,0.03700801,9.260107,0.193319,0.002019387,0.00072512,1.052632,0.00114079,0.000201669
HRL,Hormel Foods Corporation,32.3359,13.5685,0.2382709,2.31569,0.04388876,0.3708271,0.5927479,0.2358478,45.7204,5,0.2290037,0.2253099,-0.0457567,-0.01086152,1.257439,#N/A,0.4236909,0.4950151,31.90259,11.72949,0.0395968,-0.05146831,0.3794862,0.9996344,0.03508595,0.03825896,6.940062,0.1675714,0.000527382,-0.006439201,-0.4166667,0.000377099,0.000232409
K,Kellogg Company,15.89369,43.55972,0.1589469,3.585843,0.05711166,0.4524913,1.314366,0.02992012,76.6544,4,0.01083651,0.01083651,0.009578109,0.009633422,0.6800273,#N/A,0.3019266,-0.3847967,13.26405,5.175637,0.07267975,0.05648597,0.395561,0.999565,0.05937958,0.0628857,1.010573,0.1671838,0.007683911,-0.007215158,-0.6,0.005861076,0.000728927
KMB,Kimberly-Clark Corporation,23.83176,318.2456,0.01195571,3.190596,0.05009277,0.3733578,1.277675,0.01567398,103.4818,2,0.002432127,0.002432127,-0.06731224,-0.06731224,0.6451613,#N/A,0.4222067,-0.3047619,-1.371419,4.976241,0.06350017,0.03970505,0.1926051,0.8752315,0.04516152,0.05305746,5.20187,0.1951991,-0.001035003,-0.02609739,-1.75,0.003070915,0.000314916
KR,Kroger Co.,26.5446,17.23775,0.2264773,1.863354,0.08661468,2.327268,0.3403736,0.04067986,58.85979,3,-0.005179745,-0.005179745,0.003025055,0.003025055,0.623583,0,0.5367405,-0.333744,48.14874,1.487765,0.1628135,0.0973766,0.4888813,0.9190825,0.06588855,0.06975736,9.688519,0.3920905,0.01554724,0.004460203,0.9090909,0.007867128,0.001262769
LANC,Lancaster Colony Corporation,34.78394,14.82172,0.1982012,1.524469,0.03524197,0.3664094,18.08853,0.144042,3.228969,1,0.06213577,0.03325531,-0.006594658,0.09685957,0.8958568,#N/A,#N/A,-0.2619778,-6.801856,9.348799,0.02871321,0.02337513,0.3279248,0.7873429,0.03242902,0.03615142,#N/A,#N/A,-0.006887486,-0.04726601,-1,0.004164038,0.000267675
MKC,"McCormick & Company, Incorporated",37.53022,17.11176,0.1649103,1.584712,0.03921258,0.1930999,0.2582973,0.08312325,1.10978,1,0.06908445,0.01733407,0.006560773,-0.01033086,0.9518191,#N/A,0.2335257,-0.261858,29.85613,25.28185,0.03150645,0.02148493,0.2873457,0.9687937,0.03060878,0.03298476,5.488235,0.1284128,0.001875058,0.000956871,0.6363636,0.001860468,0.000179959
NATR,"Nature's Sunshine Products, Inc.",12.40665,18.40185,0.4619054,#N/A,0.1186223,1.571947,1.281807,0.1528512,12.56785,4,0.003269223,0.003269227,0.08156908,0.08156908,0.8654186,#N/A,18.97169,-0.2256858,12.30868,3.695919,0.1169348,0.1148121,0.7007828,0.8190698,0.06132879,0.07325383,#N/A,#N/A,#N/A,0,-1,#N/A,#N/A
OBCI,"Ocean Bio-Chem, Inc.",8.974937,19.24356,0.6274378,1.37931,0.1386128,0.8981764,36.4558,0.1572577,15.88639,0,0.2163043,0.2163043,-0.1005919,-0.1005919,1.465454,0.001096067,1.454868,0.07132349,-31.40948,2.288163,0.07282388,-0.03995704,#N/A,0.5226824,#N/A,#N/A,#N/A,#N/A,#N/A,#N/A,#N/A,#N/A,#N/A
ODC,Oil-Dri Corporation of America,35.89915,3.379151,0.8369643,2.951926,0.05837777,1.62061,0.5007914,0.1109267,16.47739,0,0.03905936,0.1116003,0.03198028,0.02910316,0.9519895,#N/A,0.5880446,0.08076812,-21.3216,0.9569153,0.05781372,-0.05174471,#N/A,0.7072273,#N/A,#N/A,#N/A,#N/A,#N/A,#N/A,#N/A,#N/A,#N/A
PEP,"PepsiCo, Inc.",31.9938,51.65271,0.06609704,2.501767,0.04235262,0.2846175,1.1349,0.1292844,1.405637,1,-0.009347257,-0.009347257,0.03691351,0.03693509,0.7451462,#N/A,0.3505727,-0.4960884,10.22717,9.098657,0.04785784,0.04906911,0.2177019,0.9900135,0.03789822,0.04111814,7.110562,0.1841104,0.00194476,-0.003939165,-0.4,0.001905764,0.000107322
MO,Altria Group Inc,41.46012,399.6756,-0.01600084,7.427727,0.1057651,0.170429,0.08930178,0.01295523,109.0871,1,-0.137985,-0.137985,0.05455071,0.05455071,0.5365834,#N/A,0.5800171,-1.648693,18.52243,6.857945,0.08374037,0.09982091,0.3339675,0.9959528,0.08746912,0.09292036,5.309151,0.360693,-3.07E-05,-0.000516102,-0.125,0.002034169,0.00041671
SENEA,Seneca Foods Corporation Class A,8.508452,10.75616,1.249146,0,0.3647182,2.050495,1.480213,-0.07685891,3.487219,0,0.04440752,0.1220549,0.09450555,-0.182994,0.8487477,#N/A,0.8214427,-0.01672403,6.22406,0.2248524,0.1451353,0.02128709,#N/A,0.9939116,#N/A,#N/A,#N/A,#N/A,#N/A,#N/A,#N/A,#N/A,#N/A
PG,Procter & Gamble Company,28.59914,31.61292,0.1166155,2.402653,0.04973798,0.1906924,-0.7140431,0.06341659,19.85591,5,-0.02497427,0.02253212,0.0325042,0.03561974,0.6698296,#N/A,0.6043245,-0.5894687,17.24082,18.79449,0.04367028,0.03589014,0.2594954,0.9897187,0.03574702,0.03822182,6.222722,0.1588053,0.000922751,-0.009559412,-0.4545455,0.000449663,9.53E-05
RAD,Rite Aid Corporation,#N/A,-150.7947,0.2165063,#N/A,0.04107171,3.663888,10.77706,0.02183631,91.32419,0,-0.1077,-0.1077,0.2955892,0.2955892,0.5728156,#N/A,0.1738454,-0.106217,-42.33474,#N/A,0.8291656,0.800981,-0.3785334,0.356212,-0.1487805,-0.1881946,166.7766,-10.22281,-0.3292466,1.097789,-0.3333333,0.06101464,0.01303353
SJM,J.M. Smucker Company,27.06716,6.976363,0.530647,2.748301,0.06774359,0.3977311,0.87953,-0.03537833,83.80361,0,-0.0557205,-0.02558356,0.01685986,-0.007631332,0.7692863,#N/A,0.352566,-0.5098582,19.76601,7.132606,0.06634612,0.06488901,0.7687211,0.98505,0.05952381,0.06203007,0.6971609,0.1356467,0.01044182,-0.000623286,-0.06666667,0.004319772,0.000319817
SYY,Sysco Corporation,58.4684,59.32872,0.02700678,2.376289,0.03353721,1.090158,4.926302,0.3232261,217.7508,6,-0.1299987,-0.1309395,-0.2764094,0.5730674,0.676071,0,0.2589809,-0.461457,12.93101,8.381405,0.03291468,0.1034024,0.1639479,0.9944196,0.0342312,0.04624018,-1.5,0.04792368,-0.004052363,-0.006107428,-1.117647,0.001770009,0.00059472
TR,"Tootsie Roll Industries, Inc.",38.94323,8.526144,0.3036095,0.9864165,0.02819274,0.2375841,1.768078,0.2116766,88.88078,6,0.01234539,0.01234539,0.08978778,0.08978778,0.8024173,#N/A,9.939685,-0.2018107,18.70656,4.681342,0.03367473,0.02232572,#N/A,0.9616722,#N/A,#N/A,#N/A,#N/A,#N/A,#N/A,#N/A,#N/A,#N/A
TSN,"Tyson Foods, Inc. Class A",9.533406,21.74437,0.5261353,2.292172,0.1352352,1.197465,1.121697,0.1562456,7.797771,6,0.01331167,0.0212501,0.05117345,0.1336161,0.8253527,#N/A,0.7007689,-0.3001184,22.44811,3.801026,0.111128,0.08651228,0.8675981,0.9769658,0.08536585,0.07784553,-2.138817,0.09769892,0.03907569,0.003171877,0.9230769,0.0138702,0.002530837
UG,"United-Guardian, Inc.",23.8067,46.18002,0.08856036,6.8693,0.08406915,0.1355913,2.044405,0.2679343,226.6058,6,-0.04281182,-0.04281182,0.2344702,0.2344702,0.777908,0.03656707,#N/A,-0.4480582,72.42641,154.2982,0.04791089,0.04640208,#N/A,0.9252942,#N/A,#N/A,#N/A,#N/A,#N/A,#N/A,#N/A,#N/A,#N/A
UVV,Universal Corp,15.01057,7.74536,0.8856916,5.221224,0.09530662,0.9290268,5.440319,0.0382194,62.38116,5,0.1002576,0.06653726,-0.009115517,-0.04758233,1.005309,#N/A,0.2953514,0.01736194,26.958,0.6145954,0.08763675,-0.01954102,#N/A,0.9906481,#N/A,#N/A,#N/A,#N/A,#N/A,#N/A,#N/A,#N/A,#N/A
VLGEA,"Village Super Market, Inc. Class A",11.87085,8.282358,1.104336,4.43459,0.105894,3.49377,2.630662,0.03866284,0.591301,6,-0.01495662,-0.005136132,-0.2953286,-0.370754,1.271247,0,0.7824414,-0.06164838,10.96702,0.403878,0.2122433,0.04449907,#N/A,0.9565723,#N/A,#N/A,#N/A,#N/A,#N/A,#N/A,#N/A,#N/A,#N/A
WDFC,WD-40 Company,39.20655,34.79958,0.07584429,1.160122,0.02675436,0.1911399,2.520459,0.15687,60.04266,3,0.1072499,0.01909943,0.003279328,0.0381,0.9657638,0.01249833,0.8379847,-0.2672859,-7.580728,31.89977,0.01765453,0.02467027,0.183806,0.6854775,0.02699041,0.03074198,#N/A,#N/A,0.003855773,-0.01427218,-1,0.005653398,0.000184219
WMT,Walmart Inc.,32.74798,16.65631,0.1895272,1.573564,0.06631753,1.167771,0.7209073,0.02432796,86.62405,3,-0.006285236,-0.006285236,0.01623702,0.01623702,0.6309394,#N/A,0.8918774,-0.2815838,10.19372,3.590396,0.05504857,0.0481416,0.3580355,0.9955098,0.04228528,0.04544885,5.75,0.1860553,0.002577748,-0.000546884,0.1212121,0.004609836,0.000287731
WBA,Walgreens Boots Alliance Inc,6.419842,24.7919,0.6642289,3.704433,0.07522683,1.664206,-0.8940364,-0.01815647,9.672335,3,-0.0525944,0.07185068,-0.2299398,-0.04972732,0.780174,0,0.4868283,-0.3276272,-1.905537,1.146572,0.1289552,0.1356219,1.097404,0.8316655,0.1082939,0.1067898,1.504898,0.2817764,0.02930009,0.004657504,0.2105263,0.01439124,0.001501744
WMK,"Weis Markets, Inc.",21.06655,9.201655,0.531921,1.929906,0.1030737,1.941505,-0.5492619,0.02718837,81.38094,3,0.03528116,0.03528116,-0.08675289,-0.08675337,0.8332303,#N/A,#N/A,-0.0500597,60.18427,1.682374,0.09930231,-0.02815461,#N/A,0.9826523,#N/A,#N/A,#N/A,#N/A,#N/A,#N/A,#N/A,#N/A,#N/A
SPB,"Spectrum Brands Holdings, Inc.",29.2999,3.559078,0.3616078,1.756036,0.03141623,0.5861496,-1.716127,-0.09681907,6.715765,2,0.008403801,0.05787877,-0.1930462,-0.1170343,0.8662528,0.007529655,0.1364313,0.07096402,-2.974421,5.285128,0.03437203,-0.05787127,0.4945022,0.8477896,0.03371837,0.0510451,21.09516,0.3519545,-0.01289863,-0.1191363,-0.1666667,0.01203906,0.002341527
NGVC,"Natural Grocers by Vitamin Cottage, Inc.",20.31635,18.49331,0.2855061,2.495544,0.1021638,1.190686,-0.8240025,-0.003823292,98.78291,6,-0.04332061,-0.0170597,-0.4762946,0.01205838,0.8184114,0,1.02188,-0.3979667,96.05244,1.022959,0.16385,0.106567,0.4517563,0.979661,0.04152249,0.04195502,#N/A,#N/A,#N/A,0,1,#N/A,#N/A
RMCF,"Rocky Mountain Chocolate Factory, Inc.",29.79377,8.241587,0.4507648,0,#N/A,0.8522332,-0.5470192,0.3791407,1445.273,3,-0.04143832,-0.1045776,-0.2798898,0.3465422,0.7134308,#N/A,#N/A,-0.2327254,-18.58513,4.51537,0.06999345,0.08363556,#N/A,0.6555636,#N/A,#N/A,#N/A,#N/A,#N/A,#N/A,#N/A,#N/A,#N/A
COTY,Coty Inc. Class A,93.79085,9.760418,0.4806921,0,0.01124453,0.4095252,1.31534,0.08925676,185.2833,4,-0.16921,-0.07104499,0.03002861,0.0717155,0.525278,#N/A,0.185343,-0.2244767,11.38421,3.512182,0.09235825,0.0699264,0.6038495,0.7742805,0.03077816,0.04125073,11,0.1969803,0.02840274,0.03215266,0.8333333,0.01023699,0.001405698
CYAN,Cyanotech Corporation,11.61769,9.214941,1.012779,0,0.00354042,1.485745,3.331154,0.1819162,106.9535,3,-0.02454679,-0.03460762,-0.03958583,0.2019365,0.8518667,0.01941685,0.8171507,-0.2049744,1.327813,0.5063049,0.1659212,0.1713024,#N/A,0.7747089,#N/A,#N/A,#N/A,#N/A,#N/A,#N/A,#N/A,#N/A,#N/A
CCEP,Coca-Cola Europacific Partners plc,19.96543,#N/A,#N/A,2.896478,0.05434833,0.4436947,#N/A,#N/A,520.1993,#N/A,0.2464378,#N/A,0.03138053,#N/A,#N/A,#N/A,#N/A,#N/A,-3.168774,#N/A,#N/A,#N/A,#N/A,0.8061548,0.06768756,0.07525887,10.37502,0.4162792,-0.0302909,-0.02597447,-0.7894737,0.002524627,#N/A
STKL,SunOpta Inc.,#N/A,-1.244336,0.4987763,0,0.01260863,0.8879036,1.646522,-0.3039206,76.9765,4,0.2520695,0.2520695,0.1661817,-0.3351086,0.6595084,#N/A,0.216591,0.3754809,-28.9638,1.69594,-0.04903912,-0.2026232,0.5344051,0.3937716,0.008787346,0.03690685,#N/A,#N/A,-0.01051049,0,-1.4,0.00172314,0.001470404
PPC,Pilgrim's Pride Corporation,219.1339,1.206028,0.3796733,0,0.0876822,1.490865,-0.004836294,0.2235169,112.222,5,0.1239078,0.1239078,0.14622,0.1464885,0.867409,#N/A,0.2542886,0.2726326,-3.769016,1.794525,0.0480962,-0.1324423,0.7738364,0.937037,0.09845491,0.1070787,10.18479,0.598007,-0.002840374,0.03310559,1.285714,0.007811029,0.002344106
JJSF,J & J Snack Foods Corp.,47.1702,7.848699,0.2772284,1.572405,0.02736349,0.4306643,-0.2256376,0.2468367,0.06243135,6,0.03137037,0.03552908,0.05611104,0.2169606,0.8265442,#N/A,271.4221,-0.05129625,8.703316,7.862332,0.02806666,0.01907408,0.3772222,0.8788179,0.02492329,0.0317177,#N/A,#N/A,-0.001873421,-0.02395579,-1.5,0.007676332,0.000262587
IMKTA,"Ingles Markets, Incorporated Class A",7.288993,27.30475,0.5679649,1.007787,0.1889184,2.228289,1.329422,0.09873798,12.64848,6,0.0720402,0.0832637,0.09825158,0.121845,0.8821734,#N/A,0.8180172,-0.1681283,52.78687,1.077438,0.1909392,-0.003176844,#N/A,0.9747009,#N/A,#N/A,#N/A,#N/A,#N/A,#N/A,#N/A,#N/A,#N/A
SAFM,"Sanderson Farms, Inc.",6.700303,36.44128,0.4786086,0.929005,0.1712774,1.450076,11.08198,0.4293335,525.3404,6,0.1856359,0.2458852,0.3518077,0.3857577,1.108453,#N/A,#N/A,-0.08264682,2.626932,2.656551,0.2120377,0.02613644,1.092852,0.9541524,0.153566,0.08981816,#N/A,#N/A,#N/A,0.05053858,1.375,0.01586121,0.01157926
NAII,"Natural Alternatives International, Inc.",6.518556,12.72364,1.346453,0,0.1976772,2.409239,0.2374236,0.1240854,1757.572,3,-0.02988146,0.07149723,0.406518,0.05589402,0.9996622,#N/A,2.060712,-0.1144683,-25.25548,0.1786947,0.3258729,0.1288528,#N/A,0.5137983,#N/A,#N/A,#N/A,#N/A,#N/A,#N/A,#N/A,#N/A,#N/A
VGR,Vector Group Ltd.,9.401099,#N/A,-0.4152861,6.968641,0.1159797,0.7229908,-0.9473593,0.1183137,153.5033,6,-0.3084515,-0.3084516,-0.3010889,0.5763192,0.3664737,#N/A,0.3025225,-0.7751158,41.32826,7.708509,0.1318346,0.1744817,-0.04753755,0.9917169,0.09187548,0.09794988,#N/A,#N/A,-0.02446579,0.1100917,1,0.02824814,0
HLF,Herbalife Nutrition Ltd.,6.843775,#N/A,-0.4481751,0,0.1108747,1.053654,-0.8647828,0.04709661,49.42566,3,-0.06764021,-0.06764019,0.04241025,0.04241025,0.6029642,#N/A,0.3017447,-0.5088699,-37.87646,3.736099,0.1482537,0.2408197,0.1484585,0.5066332,0.1592357,0.1939137,#N/A,#N/A,0.003270222,0,-0.6,0.02110098,0.001489358
IPAR,"Inter Parfums, Inc.",30.74626,15.78165,0.2127585,0.9354537,0.04426351,0.3234763,-0.2672462,0.6317279,2645.332,3,0.1654413,0.1654413,0.2352153,0.2352153,1.112866,#N/A,1.127684,0.09960336,12.2327,11.58339,0.04727805,-0.03128434,0.3550916,0.7791079,0.0355636,0.03956408,#N/A,#N/A,0.0148622,0.008381162,1.25,0.009230633,0.001714401
NUZE,Nuzee Inc,#N/A,-154.7414,0.3551068,0,#N/A,0.09991359,0.8920391,0.76588,653.9005,4,0.500383,0.3843867,-0.03321522,0.03226949,1.968004,#N/A,#N/A,0.9688134,-2.564108,17.15003,-0.1951987,-0.3600884,#N/A,0.25,#N/A,#N/A,#N/A,#N/A,#N/A,#N/A,#N/A,#N/A,#N/A
MGPI,"MGP Ingredients, Inc.",22.05109,19.97066,0.3082963,0.5647723,0.05964221,0.2710091,-0.7417818,0.5845429,2182.225,6,0.8087648,0.8087648,-0.2378786,-0.2378786,2.665267,#N/A,0.5545396,0.2568442,43.6429,8.169988,0.04220414,-0.04507264,0.4759424,0.9754623,0.04190736,0.04658124,#N/A,#N/A,0.02884851,0,-0.25,0.01918566,0.00055907
LWAY,"Lifeway Foods, Inc.",25.70694,7.709935,0.529741,0,0.06143314,1.258182,0.1664285,0.1412565,7.89621,3,0.05354306,0.1100924,0.1080028,0.05289328,0.9832312,#N/A,1.214847,0.1077947,8.892918,3.668141,0.08068295,-0.03392744,#N/A,0.6666667,#N/A,#N/A,#N/A,#N/A,#N/A,#N/A,#N/A,#N/A,#N/A
XXII,"22nd Century Group, Inc.",#N/A,-59.19008,0.187739,0,#N/A,0.1012875,-0.46598,0.1009213,2.71546,1,0.3684194,0.3684194,0.01888549,0.01888549,0.9921487,0.03788187,#N/A,0.9304588,-26.02739,22.4064,-0.06412061,-0.2179027,-0.1825563,0.3558484,-0.09259259,-0.08333334,#N/A,#N/A,-0.06712963,0,0.6666667,#N/A,0.009637342
PME,Pingtan Marine Enterprise Ltd.,#N/A,-82.09463,1.198115,0,#N/A,0.3139094,2.680832,0.4574597,207.2889,5,0.09141873,-0.0701327,-0.07418862,0.045425,1.175807,#N/A,#N/A,0.4393121,5.315363,0.473925,1.055088,-0.9960893,#N/A,0.5663333,#N/A,#N/A,#N/A,#N/A,#N/A,#N/A,#N/A,#N/A,#N/A
MMMB,"MamaMancini's Holdings, Inc.",23.27698,36.64077,0.1469987,0,0.0569339,0.6907765,1.009817,0.02685773,81.44298,0,0.3156158,0.2372449,-0.6851091,-0.6481924,1.111456,0.007112696,5.005808,0.004557338,-23.82979,12.2099,0.05449548,-0.000762774,0.1479505,0.4251781,0,0.06703911,#N/A,#N/A,-0.02234637,#N/A,0,0.02234637,#N/A
SFM,"Sprouts Farmers Markets, Inc.",15.45593,26.52195,0.2673134,0,0.09793564,1.257129,-0.7356845,-0.05702634,304.2455,2,0.03743225,0.03743225,-0.276337,-0.276337,0.8817692,0,2.097889,-0.541364,46.04671,1.989927,0.1351449,0.08559059,0.5371861,0.9199207,0.06786596,0.0718047,10.44257,0.3329392,0.014255,-0.000764433,1,0.01024727,0.000655762
WTER,"Alkaline Water Co., Inc.",#N/A,-680.9333,0.08298166,0,#N/A,0.5648283,-2.133748,0.183923,91.10182,0,0.3574232,0.4304675,-0.09248829,-0.4953942,1.099881,#N/A,#N/A,1.483487,-46.59628,72.87269,-0.3204317,-0.3466182,-1.728382,0.3658724,-0.4535939,-0.2442428,#N/A,#N/A,#N/A,0,-1,#N/A,#N/A
USFD,US Foods Holding Corp.,70.02603,3.943255,0.444506,0,0.03570164,2.067437,0.2337963,0.2884859,292.7039,6,-0.03984926,-0.03984926,0.4339283,0.4339283,0.863129,#N/A,0.1582595,-0.2328881,1.81129,3.379683,0.0498656,0.09961219,0.6730982,0.8945369,0.05708975,0.07424404,55.74674,0.7887571,0.005381224,-0.003868273,-1.133333,0.008781239,0.001177828
EAST,Eastside Distilling Inc,#N/A,-135.7416,0.878011,0,#N/A,0.4124785,-22.91182,-0.09671304,541.1202,4,0.5914967,0.5914967,-0.02631122,-0.02631122,0.877213,#N/A,#N/A,0.3678129,-62.5,1.950182,-0.3900888,-0.3399598,#N/A,0.2111801,#N/A,#N/A,#N/A,#N/A,#N/A,#N/A,#N/A,#N/A,#N/A
NBEV,NewAge Inc,#N/A,-4.637696,3.497141,0,#N/A,6.231036,-4.53417,0.7703544,2.513513,5,0.183926,0.4046417,-0.1394604,0.4741086,0.9180332,#N/A,0.05854297,0.3525995,-70.96645,0.4068205,-0.4998953,-1.042822,2.480155,0.1676744,-0.2542765,0.1271382,#N/A,#N/A,#N/A,0.2222222,0,0.366004,0
FRPT,Freshpet Inc,#N/A,-5.332325,0.1454893,0,#N/A,0.08716476,-0.009781092,0.3347,472.1928,0,0.5321357,0.5321357,-0.2526723,-0.2526723,3.078226,#N/A,#N/A,2.19989,-24.73893,7.825993,-0.000265609,-0.06649393,0.130419,0.6089959,-0.003776236,0.002415035,#N/A,#N/A,-0.005611057,-0.05126663,-1.076923,0.004459588,0.000505891
VERU,Veru Inc,#N/A,-16.48095,0.1572186,0,#N/A,0.07239781,-12.30424,0.3033738,1029.673,3,1.060283,0.8057563,-0.2765376,-0.2362339,2.974391,0.209435,#N/A,0.7392179,39.66747,465.7061,-0.0258711,-0.1144146,0.03477199,0.672,-0.03061225,-0.03911564,#N/A,#N/A,0.01326531,0.04938272,-0.8,0.006292516,0.005424877
ENR,"Energizer Holdings, Inc.",15.92233,41.62382,0.1844017,3.072984,0.09086693,0.5363221,-0.5501981,0.05692076,2.752684,2,-0.1235677,0.04546264,0.07177117,0.05716729,0.7257132,0.006665904,0.1726443,-0.03225182,-15.32933,3.132682,0.02085441,0.02481811,0.6043689,0.6064616,0.101733,0.1161746,#N/A,#N/A,0.01479421,-0.01462644,-0.6,0.009665377,0.00164604
RKDA,"Arcadia Biosciences, Inc.",#N/A,-49.84869,1.273897,0,#N/A,-7.702717,0.887054,-0.1560866,747.9494,3,-0.0748143,-0.0748143,-0.05246934,-0.05246934,1.05882,0.0667147,#N/A,0.5597095,-47.86729,-1.106728,-1.004802,-0.4172848,-3.27129,0.3384615,-1.136364,-0.8272727,#N/A,#N/A,0.4450394,1.118644,-1,0.89718,#N/A
SISI,"Shineco, Inc.",#N/A,#N/A,2.281361,0,#N/A,0.1470483,0.08411531,#N/A,6850.542,#N/A,-0.1572702,0.01942814,-0.2492365,#N/A,0.7505587,#N/A,#N/A,#N/A,-82.82051,-1.556006,#N/A,#N/A,#N/A,0.1036269,#N/A,#N/A,#N/A,#N/A,#N/A,#N/A,#N/A,#N/A,#N/A
BTB,Bit Brother Limited Class A,#N/A,#N/A,#N/A,0,#N/A,0.2010756,#N/A,#N/A,300339.3,#N/A,1.00991,#N/A,0.07551154,#N/A,#N/A,#N/A,#N/A,#N/A,-69.25,#N/A,#N/A,#N/A,#N/A,0.05988764,#N/A,#N/A,#N/A,#N/A,#N/A,#N/A,#N/A,#N/A,#N/A
MNST,Monster Beverage Corporation,33.18945,23.49074,0.1453483,0,0.03727222,0.1315393,-0.6080268,0.2049985,76.73496,1,0.1996491,0.1996491,-0.01207292,-0.01207292,1.247551,#N/A,1845.872,0.007437032,0.4945278,94.7177,0.02558036,-0.01882886,0.2768416,0.8544399,0.03287084,0.03757737,10.84777,0.2083718,-0.000238986,-0.01139378,-1.285714,0.001599818,0.000240708
FIZZ,National Beverage Corp.,26.69683,62.5348,0.04854767,0,0.0517819,0.2537569,-0.1664917,0.03855392,20.80482,1,-0.167604,-0.1332564,-0.03745437,0.4330709,0.5001917,#N/A,4.74498,-0.9728779,-12.42273,24.58386,0.03259015,0.05294339,0.1970142,0.7207361,0.0371165,0.03924615,#N/A,#N/A,-0.003444897,0,-1,0.003222699,0.000678994
JBSS,"John B. Sanfilippo & Son, Inc.",16.79666,24.51164,0.2429293,0.7918552,0.08145983,0.8535109,8.079351,0.04013043,201.51,3,-0.05252439,0.04776994,-0.07318187,0.01301765,0.7383081,#N/A,1.986351,-0.1600107,3.798079,6.354751,0.05885489,0.04140498,0.4587966,0.9093398,0.05396016,0.05812876,7,0.2590088,-0.004052802,0,2,0.005094951,#N/A
LFVN,LifeVantage Corporation,6.492435,28.5251,0.5734041,0,0.215617,3.663441,2.256823,-0.07641347,296.0887,3,0.2987014,-0.01189031,-0.8807631,-0.6550424,0.9469993,0.009266184,#N/A,-0.311013,-31.6932,1.59263,0.283751,0.22524,1.124551,0.5321308,0.1377119,0.1588983,#N/A,#N/A,-0.09785339,0,-1,0.038275,#N/A
TWNK,"Hostess Brands, Inc. Class A",27.67609,7.142421,0.5192825,0,0.0556958,0.2735217,0.08135316,0.1233778,0.02277999,6,0.02459559,0.02459559,0.01690596,0.01900351,0.9115357,#N/A,0.2318711,-0.1329561,30.04898,9.055601,0.06133218,0.01857193,0.6810948,0.9843428,0.04018418,0.04500714,7.657371,0.2034504,0.004125728,0.01622375,0.6363636,0.001446451,0.000652696
ACI,"Albertsons Companies, Inc. Class A",12.32963,74.48319,0.188062,1.480485,0.1173762,2.471006,0.178183,0.03151943,73.75471,6,0.03263483,0.03263484,0.03970194,0.03970194,0.6722329,#N/A,0.5050846,-0.1666308,16.12263,#N/A,0.2560468,0.09056769,0.5300923,0.8762832,0.08397287,0.08786422,13.07699,0.3736576,0.02699107,-0.04217298,0.4736842,0.01672704,0.002255848
SMPL,Simply Good Foods Co,68.50077,4.758273,0.3149569,0,0.04738687,0.2300748,3.286828,0.2476695,129.9636,0,-0.03627795,0.01321648,-0.02388957,0.09896615,0.9394123,#N/A,0.5420445,-0.4390679,29.78038,63.24828,0.02744898,0.03330929,0.4466283,0.9683198,0.03294224,0.03610108,11.28779,0.2146226,0.01039592,0.04521058,0.9166667,0.006058602,0.000990064
WBEV,"Winc, Inc.",#N/A,#N/A,0.3585573,0,#N/A,1.189116,#N/A,#N/A,0.1314506,#N/A,0.4869726,#N/A,-1.006957,#N/A,#N/A,#N/A,#N/A,#N/A,#N/A,103.0408,#N/A,#N/A,-0.4382554,0.3535211,-0.1992032,-0.06573705,30,-2.788845,#N/A,-0.7570236,0.6666667,#N/A,0.01701993
ELF,"e.l.f. Beauty, Inc.",68.86116,7.083342,0.225936,0,0.008226,0.26399,2.934974,0.265,0.5264431,6,0.05403313,0.01741826,0.04010814,0.1408166,0.9306808,#N/A,0.560924,-0.1663146,-12.00814,36.06543,0.02614697,0.02277274,0.3443144,0.7713351,0.02959456,0.03193477,#N/A,#N/A,0.02163883,-0.000500475,1,0.01072291,0.00054872
SPTN,SpartanNash Company,17.50829,9.533586,0.6067306,3.10559,0.07276052,4.465717,-0.2259952,-0.0446539,262.6146,3,-0.01809685,-0.01809686,-0.1168311,-0.1168311,0.6245301,#N/A,0.4497242,-0.1278885,59.73972,1.150509,0.1248966,0.09487197,0.8412533,0.9925393,0.05874165,0.0622386,2.849216,0.1844304,-0.002935094,0.001402666,0.875,0.002227172,0.001308986
PFGC,Performance Food Group Company,202.7967,1.417105,0.3805278,0,0.02246239,2.997777,2.485153,0.4899482,89.06248,3,0.009427573,0.2746032,-0.1644247,0.1338189,1.322058,0,0.1389324,0.2133551,15.17492,2.218558,0.0292297,-0.1420313,0.5744511,0.9042804,0.04754939,0.06230126,23.33758,0.5389737,0.005915586,-0.000234951,0.8571429,0.002315053,0.000612452
LW,"Lamb Weston Holdings, Inc.",43.14056,55.54502,0.03927512,1.127409,0.03370201,0.3210851,-0.6513848,0.1262,223.3165,3,-0.1320379,-0.01937292,-0.1561574,0.03652459,0.9072471,#N/A,0.2162905,-0.2212082,21.26889,4.501799,0.03528054,0.0356009,0.1512064,0.8066962,0.02798264,0.04078091,13.9984,0.2126502,0.01498412,0.2330508,0.6666667,0.005298761,0.000500955
KDP,Keurig Dr Pepper Inc.,25.2911,8.794902,0.4632658,1.93299,0.04426719,0.1900238,1.188139,0.0916681,6.621305,6,-0.001693615,-0.001693615,0.01870225,0.01870225,0.7750717,#N/A,0.2807293,-0.9035001,10.00416,17.5915,0.05331675,0.05140596,0.6406009,0.9659466,0.04433044,0.04853986,7.278006,0.2127861,0.000220724,-0.001801081,-0.2777778,0.000616593,0.000306511
COST,Costco Wholesale Corporation,48.66118,31.43998,0.07259092,2.882267,0.03705287,0.7932583,5.214775,0.1768667,33.07285,6,-0.005329896,0.04788298,0.1090465,0.1181016,0.5990324,0,1.45404,-0.08613542,28.87526,9.910463,0.03712911,0.01121126,0.1592951,0.9857253,0.02167828,0.02378506,13.56221,0.1521921,0.002330254,0.005279318,0.9354839,0.001654475,0.000277643
MED,"Medifast, Inc.",14.03756,91.19926,0.0899931,2.712123,0.09145501,0.702333,-0.4241274,0.6324545,2652.812,6,0.1913258,0.1913258,0.5116735,0.5116735,1.180622,0.01158331,#N/A,-0.4077773,-0.3284574,26.33982,0.04202217,0.05796388,0.4076811,0.5784148,0.0795198,0.09562898,#N/A,#N/A,0.01217594,0,-1,0.009525233,0.000711493
HAIN,"Hain Celestial Group, Inc.",27.8099,9.1991,0.3941533,0,0.0438805,0.4728644,-0.6433738,-0.1037179,249.9672,6,0.01323335,0.107863,0.03575957,-0.1301338,0.9190413,#N/A,0.299897,0.1875324,-21.80401,6.995601,0.04997959,-0.03729727,0.5600097,0.7182897,0.04357733,0.05269154,#N/A,#N/A,0.002444274,-0.004010009,-0.3076923,0.002010996,0.001018517
LMNR,Limoneira Company,#N/A,-3.141848,0.699437,1.859889,#N/A,0.405865,-2.84693,0.03628291,117.6775,3,0.001371338,0.000735544,0.005669117,0.02243301,0.8316277,#N/A,0.000786872,0.07089873,-11.93324,0.7223539,0.01384174,-0.01301264,0.6602456,0.6581485,-0.00952381,0.01465202,15,-0.07619048,-0.02803419,1.473684,-1,0.006105006,0.002590135
FDP,Fresh Del Monte Produce Inc.,16.5822,4.532193,1.358807,1.811594,0.05208728,2.038221,-2.678426,0.008837411,117.8063,1,0.02681938,0.02681938,0.00207305,0.002043128,0.7688289,#N/A,0.3701324,-0.04852244,-17.17959,0.5268223,0.09687994,0.03498233,1.569202,0.7604594,0.05160014,0.07029846,#N/A,#N/A,-0.02840704,-0.125,-1.5,0.03451996,0.003051162
DAR,Darling Ingredients Inc.,22.09529,21.08951,0.2359256,0,0.04251031,0.3050894,1.636913,0.3217716,417.0423,6,0.06098614,0.06098614,0.1523356,0.1524305,0.9297302,#N/A,0.5953646,-0.2032664,11.28782,4.037035,0.05065307,0.01630898,0.4745555,0.9947989,0.05937028,0.07203439,#N/A,#N/A,0.004587917,-0.02264941,-0.5384616,0.007261891,0.001218742
WVVI,"Willamette Valley Vineyards, Inc.",47.99257,3.95118,0.7076117,0,0.05515734,0.4056407,-0.6180804,0.1637209,21.45625,1,0.08205317,0.08205316,0.001461476,0.001461476,1.149341,#N/A,0.9084234,0.2052448,-35.97817,1.16379,0.05353434,-0.1555693,#N/A,0.5553892,#N/A,#N/A,#N/A,#N/A,#N/A,#N/A,#N/A,#N/A,#N/A
APRN,"Blue Apron Holdings, Inc. Class A",#N/A,-122.7275,0.6333482,0,#N/A,4.318138,-5.150505,0.02120895,92.52717,0,0.05858964,0.05858964,0.1907835,0.1907835,0.5463138,#N/A,#N/A,0.7636809,-53.70814,0.7638236,-0.3890614,-0.7189913,-1.755613,0.3032939,-0.6020672,-0.4470284,#N/A,#N/A,-0.4211887,0,-1,0.1576228,#N/A
PETZ,"TDH Holdings, Inc.",#N/A,#N/A,#N/A,0,#N/A,0.03961984,#N/A,#N/A,11086.96,#N/A,-0.07285818,#N/A,-0.7293445,#N/A,#N/A,#N/A,#N/A,#N/A,-77.21088,#N/A,#N/A,#N/A,#N/A,0.0356383,#N/A,#N/A,#N/A,#N/A,#N/A,#N/A,#N/A,#N/A,#N/A
FAMI,"Farmmi, Inc.",5.788289,#N/A,#N/A,0,-0.2716148,2.094108,#N/A,#N/A,717.2044,#N/A,1.261668,#N/A,-0.4931497,#N/A,#N/A,#N/A,#N/A,#N/A,-61.08419,#N/A,#N/A,#N/A,#N/A,0.122381,#N/A,#N/A,#N/A,#N/A,#N/A,#N/A,#N/A,#N/A,#N/A
BJ,"BJ's Wholesale Club Holdings, Inc.",22.59682,88.22505,0.06859264,0,0.07280952,1.347635,0.4564149,0.08018696,13.8481,6,0.009518091,0.009518123,0.1192613,0.1192613,0.6855514,0,1.067709,-0.346214,19.60952,3.236219,0.08801837,0.05558739,0.2546231,0.9426386,0.04653494,0.05083047,13.58176,0.2792096,0.00759376,0.001825286,-0.3913043,0.005955752,0.000712548
HFFG,"HF Foods Group, Inc.",21.60428,5.510402,0.8574662,#N/A,#N/A,1.58585,-0.6514415,0.2259709,832.2435,6,#N/A,0.04460225,#N/A,-0.6119257,5.072712,#N/A,0.2737283,0.01898415,-13.18052,1.921273,0.03333643,-0.007873829,#N/A,0.626033,#N/A,#N/A,#N/A,#N/A,#N/A,#N/A,#N/A,#N/A,#N/A
BTOG,"China Xiangtai Food Co., Ltd.",#N/A,#N/A,#N/A,0,#N/A,0.9627008,#N/A,#N/A,48500.91,#N/A,-0.8577843,#N/A,-0.3829498,#N/A,#N/A,#N/A,#N/A,#N/A,0,#N/A,#N/A,#N/A,#N/A,0.333344,#N/A,#N/A,#N/A,#N/A,#N/A,#N/A,#N/A,#N/A,#N/A
YI,"111, Inc. Sponsored ADR Class A",#N/A,-755.777,-0.2960065,#N/A,#N/A,15.66961,-2.187488,0.612995,2537.524,3,-0.1127982,-0.1127982,0.6039271,0.5868425,0.8646766,0.05942701,#N/A,0.009677794,-66.5529,#N/A,-1.083411,0.1013315,-0.5221561,0.1463779,-0.05653739,0.08005188,#N/A,#N/A,#N/A,#N/A,-1,#N/A,#N/A
UTZ,UTZ Brands Inc Class A,60.43426,3.206784,0.5912939,1.278997,0.02088111,0.4260045,5.920029,1.388638,114.5163,6,0.003422037,0.003422041,-0.1888961,0.1192438,5.188088,#N/A,0.160612,0.2978655,-5.112338,3.318979,0.04209317,-0.07201084,0.7234896,0.4995015,0.03526281,0.0405855,-10.62391,-0.07932587,-0.005861398,-0.006365972,-0.5555556,0.003589683,0.000551869
BYND,"Beyond Meat, Inc.",#N/A,-72.90149,0.05195319,0,#N/A,0.1562365,-17.06705,0.1423725,6.236275,0,0.955551,0.955551,-0.3812994,-0.3812994,2.854136,0.04430025,#N/A,0.9684426,-62.47432,5.997967,-0.1168093,-0.399777,-0.2465838,0.2507502,-0.07464544,-0.04976362,#N/A,#N/A,-0.06958348,0.008464069,-1.047619,0.02050207,0.004621204
HAPP,Happiness Development Group Limited Class A,#N/A,#N/A,#N/A,0.7462686,0.07213195,-3.378379,#N/A,#N/A,3.490361,#N/A,0.184507,#N/A,-0.1403812,#N/A,#N/A,#N/A,#N/A,#N/A,-67.1825,#N/A,#N/A,#N/A,#N/A,0.1613587,#N/A,#N/A,#N/A,#N/A,#N/A,#N/A,#N/A,#N/A,#N/A
GHSI,"Guardion Health Sciences, Inc.",#N/A,-160.6137,1.822273,0,#N/A,2.279773,0.7553614,2.827363,73438.98,5,0.8027125,0.8027125,0.2679107,0.2679107,1.733644,0.001813261,#N/A,3.065433,-81.02857,-44.56285,-0.8508054,-3.431841,0.365635,0.09137615,-1.054217,-0.8534136,#N/A,#N/A,#N/A,-0.8278688,0,#N/A,#N/A
FREE,Whole Earth Brands Inc Class A,5335.714,0.02665737,1.0117,0,0.03470355,0.7059742,-0.5389708,1.357596,4564.779,6,0.3004047,0.3004047,0.03943938,0.18573,2.395703,#N/A,0.4153586,0.6260345,-36.42553,1.456181,0.03056333,-0.6441088,1.415602,0.5105947,0.08366801,0.1057564,#N/A,#N/A,-0.09282368,0,-1,0.07346848,0.00823152
BRBR,"BellRing Brands, Inc.",34.99929,#N/A,-0.8388936,0,0.03706387,0.1917412,-0.2520121,0.2381416,208.6979,4,0.006370443,-0.1420321,0.2637415,0.4649559,0.6878819,#N/A,0.4388276,-0.7103494,-2.791983,88.9789,0.05746293,0.06286214,-2.76756,0.7230184,0.04328479,0.052589,13.91573,0.3275054,0.006129484,0.01298158,0.6153846,0.004881976,0.001313662
REYN,Reynolds Consumer Products Inc,19.30972,19.28211,0.2806452,2.929936,0.05764012,0.4304037,1.450358,0.08979467,7.620544,0,0.002698495,0.002698495,0.01270866,0.01270866,0.9294341,#N/A,0.2850379,-0.2871377,7.441711,7.707923,0.04954442,0.05066317,0.4969835,0.9235057,0.05414271,0.06103287,#N/A,#N/A,0.003438764,-0.02737502,-1.3,0.000902707,0.00045674
JUPW,"Jupiter Wellness, Inc.",#N/A,-267.6729,0.6772102,0,#N/A,0.2111343,-1.578802,1.69904,25015.86,0,0.9246048,0.9246048,-0.066572,#N/A,#N/A,0.04901147,#N/A,1.727309,-41.88482,13.21806,-0.3051555,-1.147017,#N/A,0.2251521,#N/A,#N/A,#N/A,#N/A,#N/A,#N/A,#N/A,#N/A,#N/A
VITL,"Vital Farms, Inc.",215.508,1.655094,0.3091061,0,0.000147482,0.6671707,1.345595,0.2175705,100.3412,0,0.04836668,0.04836668,-0.388545,-0.388545,2.384669,#N/A,11.08257,0.01543822,-32.00225,8.661094,0.03331457,-0.004987485,0.3027756,0.463396,-0.00165426,0.01406121,#N/A,#N/A,0.01319324,-0.4489613,-0.5714286,0.0182221,0.00308761
AVO,"Mission Produce, Inc.",32.5122,5.869391,0.5536804,0,0.0432621,0.8322224,-2.737876,0.1158857,69.39742,0,0.1154522,0.09360427,-0.09535563,-0.02064049,1.07576,#N/A,0.3725728,-0.04965405,-28.75467,1.522565,0.01699384,0.01136462,0.7067184,0.5813345,0.03825957,0.0660165,10.55781,0.238094,-0.06058857,-0.2140996,-1,0.006156197,0.003329539
TTCF,Tattooed Chef Inc Class A,#N/A,-36.60647,0.2655652,0,#N/A,0.2895035,-1.739498,4.417567,1023.094,2,-0.01553274,-0.01553274,0.1672634,0.6312307,1.124655,#N/A,#N/A,0.4234517,-45.53913,11.32058,-0.06269232,-0.09272045,0.0444596,0.3925065,-0.05527638,-0.0160804,#N/A,#N/A,-0.1015075,0.04290425,-1,0.08040201,0.00201005
YSG,Yatsen Holding Ltd. ADR Class A,#N/A,-24.70792,3.026958,#N/A,#N/A,-5.501042,#N/A,0.1851111,59.16046,5,-0.1007341,-0.1007341,-0.2216489,-0.2292327,3.495034,0.01855532,#N/A,#N/A,-80.0061,-1.775546,#N/A,#N/A,1.652727,0.0491973,-0.3435577,-0.2029921,#N/A,#N/A,0.3529964,-0.007973148,-1.5,0.1107619,0.02308576
MDVL,"MedAvail Holdings, Inc.",#N/A,-109.3461,0.2138633,0,#N/A,0.2720518,-0.3497,4.262545,2179.619,6,-0.6182705,-0.6182705,0.02578029,0.295592,10.30941,0.01668083,#N/A,0.2654738,-4.24028,8.418536,-0.469405,-0.08151772,-1.446609,0.1857437,-0.4151292,-0.199262,#N/A,#N/A,-0.04612546,-0.1412213,0.5,0.01660517,0
RLX,"RLX Technology, Inc. Sponsored ADR Class A",8.065953,26.73708,1.621273,#N/A,0.1023713,-2.545005,#N/A,#N/A,16129.96,#N/A,1.10628,1.10628,-0.5078115,#N/A,#N/A,0.01104663,#N/A,0.7015584,-69.73244,#N/A,0.213373,-1.861573,1.986748,0.1418495,0.09418686,0.1377921,-21.57108,-0.6243111,#N/A,-0.1139226,-0.4,#N/A,#N/A
APPH,"AppHarvest, Inc.",#N/A,-71.0045,0.8247812,0,#N/A,0.02104522,-40.22343,#N/A,#N/A,3,1.355309,1.355309,#N/A,#N/A,#N/A,#N/A,#N/A,3.04373,-14.41774,0.9408817,-0.2211168,-1.266685,-0.2002465,0.2289812,-0.2570194,-0.2181425,#N/A,#N/A,-0.3834413,0,-1.333333,0.09877609,0.01787836
FLGC,Flora Growth Corp.,#N/A,#N/A,0.227968,#N/A,#N/A,0.001221176,#N/A,#N/A,#N/A,#N/A,1.637962,0.8284457,#N/A,#N/A,#N/A,#N/A,#N/A,#N/A,-63.00448,10.04672,#N/A,#N/A,0.4458757,0.07692307,0.02424242,0.1545455,#N/A,#N/A,#N/A,0,0.5,#N/A,0.01285649
NAPA,"Duckhorn Portfolio, Inc.",38.99215,7.238983,0.3882745,0,0.0285878,0.1504079,-0.1689834,0.2295018,159.5923,3,0.01365072,0.02971235,0.05419353,#N/A,#N/A,#N/A,0.3778787,-0.09668773,-4.790723,7.330527,0.02621906,0.01579247,0.5138007,0.7477227,0.03138173,0.03690451,11.31508,0.2047982,0.01298012,-0.001337151,0.75,0.01141766,0.000505588
HNST,"Honest Company, Inc.",#N/A,-24.27413,0.4528197,0,#N/A,0.9374994,#N/A,0.06028847,32.62109,3,0.1505,0.1505,-0.02455032,-0.02454638,0.925695,0.02797096,#N/A,0.2836895,-54.62185,4.362695,-0.09646178,-0.1884031,0.1937924,0.1809045,-0.06481481,-0.03472222,46.41677,-1.333027,-0.03409962,-0.2071499,-1.222222,0.01249557,0.003828193
GRVI,"Grove, Inc.",15.74545,26.76873,0.4112907,0,0.01774826,0.5401071,5.907886,2.344692,45498.4,3,1.013439,1.128716,0.365689,#N/A,#N/A,#N/A,4.530026,0.9174592,-32.97214,7.922137,0.06717198,-0.1546425,0.5455955,0.4621131,0.03233257,0.1431871,#N/A,#N/A,#N/A,0,0,#N/A,#N/A
OTLY,Oatly Group AB Sponsored ADR,#N/A,-26.92634,0.5183088,#N/A,#N/A,0.3514912,#N/A,0.5075629,1509.418,0,0.7236203,0.7236203,-0.2724854,#N/A,#N/A,0.01014443,#N/A,1.180157,-72.01929,#N/A,-0.08868897,-0.4976499,0.1045157,0.14,-0.1034483,-0.08251232,34.4193,-1.631144,-0.0108246,0.02541414,-1.055556,#N/A,0.00784531
SKIN,Beauty Health Company Class A,#N/A,-95.59145,0.13391,0,0.000998203,0.1011158,9.97523,3.555946,11374.4,0,0.7149578,0.7149578,#N/A,#N/A,#N/A,#N/A,#N/A,0.5994732,-44.41972,42.75893,-0.01194615,-0.2683037,0.1605944,0.4968067,0.006671114,0.01664166,#N/A,#N/A,0.0118164,0,0.1818182,0.007633048,0.001279878
DDL,Dingdong (Cayman) Ltd. Sponsored ADR,#N/A,#N/A,0.1063332,#N/A,#N/A,4.142605,#N/A,#N/A,6119.165,#N/A,0.5770897,#N/A,-0.3128693,#N/A,#N/A,0.08742062,#N/A,#N/A,-78.10338,#N/A,#N/A,#N/A,-0.9773227,0.1169565,-0.270914,-0.106043,68.94966,-8.013598,-2.814066,-0.04252906,0.8333333,#N/A,0.001761912
MF,Missfresh Ltd. Sponsored ADR,#N/A,#N/A,0.4249758,#N/A,#N/A,20.62874,-0.4451435,#N/A,89.81429,0,0.2056929,#N/A,0.7616723,#N/A,#N/A,#N/A,#N/A,#N/A,-74.8072,1.406581,#N/A,#N/A,-7.986038,0.08909091,-2.102754,-1.691587,#N/A,#N/A,#N/A,-0.007973108,-1,#N/A,#N/A
ZVIA,Zevia PBC Class A,#N/A,#N/A,0.9105514,0,#N/A,3.118479,#N/A,#N/A,191.611,#N/A,0.7806845,#N/A,-1.269971,#N/A,#N/A,#N/A,#N/A,0.6704789,-67.49358,8.855479,-0.1217688,#N/A,0.5284392,0.2171441,-0.1131579,-0.08026316,-387,17.29053,#N/A,-0.005681813,-0.875,#N/A,0.009585544
THRN,"Thorne HealthTech, Inc.",69.2085,8.452823,0.3145626,0,0.07447405,0.5171198,#N/A,0.3379515,486.431,6,0.3651574,0.3651574,-0.004965782,#N/A,#N/A,0.03424983,9.95714,0.3361543,-10.26282,5.792512,0.03683098,-0.07732943,0.4791372,0.7080922,0.04114365,0.07531381,#N/A,#N/A,#N/A,-0.010989,0,#N/A,0.00213044
SOVO,"Sovos Brands, Inc.",825.2632,0.3469573,0.3220535,0,0.03358733,0.3564072,#N/A,0.284107,277.9122,#N/A,0.03745636,0.03745636,0.09539789,0.09539789,0.9979321,#N/A,0.1904227,#N/A,6.161141,18.88027,#N/A,#N/A,0.4827677,0.9006318,0.04017857,0.04783163,10.33735,0.2464932,#N/A,0,-0.5,#N/A,0.000958593
OLPX,"Olaplex Holdings, Inc.",45.69498,41.85594,0.05196859,0,0.01832924,0.05612884,#N/A,1.119982,10051.71,6,-0.01630386,-0.01630386,-0.001689553,#N/A,#N/A,#N/A,0.5051516,#N/A,-41.32076,1872.779,#N/A,#N/A,0.1908753,0.511345,0.03472669,0.04308682,30.05914,0.4869952,#N/A,0.007741129,0.75,#N/A,0.000578995
COCO,"Vita Coco Company, Inc.",30.18702,#N/A,0.2146177,0,0.04153738,0.6959658,#N/A,#N/A,108.7796,#N/A,-0.02153431,#N/A,0.1074615,#N/A,#N/A,#N/A,#N/A,#N/A,#N/A,191.9212,#N/A,#N/A,0.3471605,0.5550779,0.03313569,0.05469506,24.26597,0.3878992,#N/A,-0.01085162,-1,#N/A,0.001554964
NHTC,Natural Health Trends Corp.,77.26316,1.706176,0.7095011,11.83432,-0.2374274,18.93605,0.9214609,-0.03328443,227.058,1,-0.08791123,-0.08791123,0.03430778,0.03430778,0.5287476,#N/A,#N/A,-0.1109994,5.851161,3.751481,0.02687106,0.1258515,#N/A,0.889697,#N/A,#N/A,#N/A,#N/A,#N/A,#N/A,#N/A,#N/A,#N/A
EL,Estee Lauder Companies Inc. Class A,31.4347,55.91546,0.06230311,0.6507797,0.02641228,0.1708267,12.48981,0.2534208,4.973455,6,0.1155162,0.072373,-0.1041896,0.09736311,0.8389363,#N/A,0.785753,-0.2561527,-8.197909,21.0361,0.03505927,0.02567072,0.1709984,0.7436131,0.02719999,0.03077462,12.92238,0.19584,0.006417011,-0.004254929,0.56,0.002640862,0.000412353
SAM,"Boston Beer Company, Inc. Class A",308.6823,1.500019,0.2211247,0,0.008844976,0.4628525,-0.2497086,0.1827236,42.67168,0,0.0137048,0.0137048,-0.02990067,-0.02990067,1.104833,#N/A,44.90939,-0.04305889,-29.38301,6.041565,0.01450901,0.003343597,0.3783469,0.2675743,0.03903439,0.04852998,95.5,1.569182,-0.06659503,-0.009934532,-0.9230769,0.0380598,0.001860307
LNDC,Landec Corporation,#N/A,-33.20486,0.4618805,0,0.01077041,1.014002,-2.562268,-0.194972,382.8481,1,-0.05095675,-0.3355857,-0.08530474,0.02257264,0.5071393,0.02520414,0.1764046,-0.5999071,11.25131,2.050282,-0.03335098,0.2525929,-0.2507771,0.8214285,-0.1781663,0.005671077,10,-1.068998,-0.3721172,2.27257,-0.5,0.1397448,0.000668343
REV,"Revlon, Inc. Class A",#N/A,#N/A,-5.343107,0,0.03478443,0.5465728,0.5613678,0.09158216,6.66561,4,-0.04487722,-0.04487714,0.1467223,0.1467223,0.5081192,#N/A,0.07567439,0.04251635,-31.91077,0.447136,-0.02918136,-0.07534098,-7.450562,0.3977337,-0.5820762,-0.5947105,#N/A,#N/A,0.269486,0.01426917,-2,0.1452991,#N/A
USNA,"USANA Health Sciences, Inc.",14.20464,27.84623,0.2531776,0,0.0935697,0.8866635,-0.5924644,0.04567066,51.45098,1,-0.08321337,-0.08321338,-0.01275003,-0.01275003,0.7978175,#N/A,#N/A,-0.4999683,-18.31509,9.207869,0.0776768,0.1153891,0.5208921,0.7542884,0.06760909,0.07572219,#N/A,#N/A,-0.005838967,0.003986482,-0.6666667,0.003073141,0.000122926
UNFI,"United Natural Foods, Inc.",12.13876,15.70954,0.6210223,0,0.07882672,4.436,0.5311737,0.02908742,105.4278,5,0.01776777,0.06161739,-0.1314259,0.07507515,0.6868924,0,0.2724651,-0.03351656,5.532885,0.4868272,0.1659505,0.04784345,0.9775398,0.8039385,0.08895573,0.09561667,9.195983,0.5051256,0.02411112,-0.000374961,-0.5384616,0.01779374,0.001443692
NUS,"Nu Skin Enterprises, Inc. Class A",17.09736,16.29911,0.3718923,2.995074,0.1084163,1.035454,2.390455,0.04405026,53.80184,1,0.01134135,0.01134135,0.009563208,0.009563208,0.8007644,#N/A,1.076748,-0.1219331,21.02209,3.30255,0.057685,0.04968263,0.7209389,0.7808612,0.08683183,0.09276112,#N/A,#N/A,-0.0624263,0.001346866,0.75,0.008139297,0.000441668
CALM,"Cal-Maine Foods, Inc.",151.0724,1.7999,0.3736081,0.0973933,#N/A,0.5820867,2.742659,0.06703307,142.42,4,0.001705379,0.01020973,-0.04191613,-0.003716946,0.9237934,#N/A,107.5881,-0.005702971,58.86665,3.406932,0.01214054,0.01799523,0.5148703,0.9399499,0.035315,0.05102041,#N/A,#N/A,-0.006388643,1.470588,1.75,0.01406389,0.01069741
WILC,G. Willi-Food International Ltd,18.60165,7.56795,0.7066379,7.080394,0.09950126,0.9458039,-1.574954,0.06528487,27.50629,1,0.007660544,0.007660544,-0.04416162,-0.04393119,1.188653,#N/A,12.68843,-0.1106719,-8.86299,4.116515,0.05556,0.06920341,#N/A,0.7492,#N/A,#N/A,#N/A,#N/A,#N/A,#N/A,#N/A,#N/A,#N/A
PSMT,"PriceSmart, Inc.",24.43327,11.22686,0.3761857,0.8273253,0.06534824,1.457866,0.1460841,0.1148062,9.051962,5,0.01237377,0.0498248,-0.101594,0.05415773,0.832584,0,1.410917,-0.02223181,3.989434,2.470293,0.03530383,0.03039745,0.5500895,0.8602702,0.04346767,0.04797273,8,0.2260319,0.001018346,-0.02057615,-0.5,0.002817485,0.000268477
INGR,Ingredion Incorporated,52.50043,3.867129,0.5145608,2.669702,0.0566115,0.8588095,0.2624748,0.1510851,11.47674,3,0.003752616,0.003752616,0.06649375,0.06633872,0.9,#N/A,0.3343109,-0.1383018,-5.131471,1.855541,0.06506704,0.06473506,0.8246292,0.8891942,0.07782681,0.08315146,#N/A,#N/A,0.003403496,-0.006452527,-1.4,0.01006777,0.001075535
TPB,Turning Point Brands Inc,12.54566,40.32642,0.2276193,0.5823187,0.08057027,0.5051991,1.657542,0.09962706,3.158775,3,0.2274356,0.2274356,-0.04898971,-0.04898971,1.263368,#N/A,0.236158,0.2290293,-32.0606,3.759528,0.1181662,-0.1336868,0.5665594,0.5799229,0.08512659,0.09731013,20,0.8512658,0.02584388,0,-0.3333333,0.008544303,0.000895072
MTEX,"Mannatech, Incorporated",7.147403,39.06796,0.3722117,1.878914,0.1638653,3.429153,-0.5990299,0.05518236,38.71034,6,-0.07005388,-0.07005388,0.1960325,0.1960325,0.4854187,#N/A,38.25667,-0.2295337,-13.57004,5.872824,0.164272,0.1242027,#N/A,0.6864303,#N/A,#N/A,#N/A,#N/A,#N/A,#N/A,#N/A,#N/A,#N/A
RIBT,RiceBran Technologies,#N/A,-42.70071,0.6763691,0,#N/A,1.036123,-3.485726,0.1882515,50.19935,3,-0.1458803,-0.1458803,0.2458408,0.2458408,0.668206,#N/A,#N/A,0.4205827,-8.176094,1.316461,-0.1541475,-0.2040857,-0.0817196,0.2872131,-0.1902588,#N/A,#N/A,#N/A,-0.456621,0,1,0.1712329,#N/A
EPC,Edgewell Personal Care Co.,19.02522,7.323944,0.7550308,1.652893,0.09955986,0.6299616,-0.06156778,0.07843638,21.92579,3,0.04637243,0.08125204,0.01844627,0.002306223,0.9290687,0.01537474,0.2428601,0.09887268,9.204304,3.823285,0.1130868,-0.04163541,1.050577,0.7331277,0.074303,0.08219358,4,0.2674908,0.01156467,-0.01224652,-1.2,0.00928665,0.000869669
ZIVO,"Zivo Bioscience, Inc.",#N/A,#N/A,0.2286707,0,#N/A,#N/A,-1.149271,-1,#N/A,4,-9.827744,2.407632,0.06784582,-0.1996596,109.9411,0.2783879,#N/A,1.511724,-12.34097,756.7672,-0.1782211,-0.5094318,#N/A,0.2851821,#N/A,#N/A,#N/A,#N/A,#N/A,#N/A,#N/A,#N/A,#N/A
MDLZ,"Mondelez International, Inc. Class A",21.59898,15.39922,0.3109497,2.005731,0.04171033,0.2670192,0.3347578,0.08047101,13.6375,3,0.001601162,0.001601162,0.02414051,0.02414051,0.7508714,#N/A,0.2921279,-0.3934442,10.21473,6.534195,0.04554963,0.04633061,0.4919561,0.9461638,0.04572756,0.0494832,6.069695,0.2024761,-0.000611719,-0.01381388,-1.227273,0.001720222,0.000342724
BG,Bunge Limited,9.238756,30.2373,0.3880622,2.222579,0.1937876,2.403863,-4.986141,0.4281575,965.4882,2,0.01272275,0.01272275,0.5182887,0.5183364,0.8203309,#N/A,0.749497,-0.09021872,45.40564,2.03398,-0.1563592,0.08095982,0.7609231,0.9846057,0.09206349,0.07936732,-3.47879,0.05601918,0.05901687,0.07587653,1.444444,0.03869375,0.003601778
CVGW,"Calavo Growers, Inc.",#N/A,-8.765044,0.3257368,2.860696,0.001590957,1.372953,0.9246112,0.1020724,145.7877,1,-0.02794429,-0.0285701,-0.1706283,0.2311904,0.7577439,#N/A,0.2219782,0.02491408,0.730896,3.04707,0.004100483,-0.006562239,0.4324279,0.475667,0.0267463,0.05582966,#N/A,#N/A,-0.006855362,0,-0.8,0.004284602,0.001836164
VFF,"Village Farms International, Inc.",#N/A,-2.958833,1.04153,0,#N/A,0.6274549,-6.809432,0.5757911,2101.223,0,0.4591668,0.4591668,-0.05089378,-0.05089378,2.737645,#N/A,0.06136921,0.7724234,-44.09548,1.233153,-0.1003553,-0.3454641,1.112059,0.3730092,0.01797753,0.0516854,20,0.1797753,0.01910112,0,-1,0.03220974,0.008246507
BGS,"B&G Foods, Inc.",28.17685,7.689264,0.4630007,6.182883,0.06034248,0.479351,1.586985,0.04489784,52.56563,0,0.0145032,0.0145032,-0.02124995,-0.02124995,1.008815,#N/A,0.1511496,-0.08369645,1.053274,3.41349,0.04723215,0.03498011,0.7048881,0.7904825,0.05992379,0.06546588,#N/A,#N/A,-0.007118644,-0.02975252,-1.666667,0.004348997,0.001357391
JVA,"Coffee Holding Co., Inc.",21.14362,3.06804,1.575727,0,#N/A,2.603523,-1.982608,-0.1460798,662.9909,2,0.07339057,0.1657854,-0.3389503,-0.3317816,0.9451337,#N/A,0.1519393,0.1327086,-31.08983,-0.2322768,0.05963903,-0.2242694,#N/A,0.5063937,#N/A,#N/A,#N/A,#N/A,#N/A,#N/A,#N/A,#N/A,#N/A
THS,"TreeHouse Foods, Inc.",#N/A,-1.460759,0.9687911,0,0.04157047,1.17459,0.8283601,-0.005332286,150.6321,0,-0.06069569,-0.0606957,-0.009516954,-0.009516954,0.7653617,#N/A,0.1966113,-0.2885013,-12.55123,1.456413,0.1705648,0.1911439,1.115164,0.6544618,0.03661394,0.07791448,#N/A,#N/A,-0.001884949,-0.009770546,-1.142857,0.002680619,0.003339809
SEED,Origin Agritech Ltd.,#N/A,#N/A,#N/A,0,#N/A,0.1080982,#N/A,#N/A,274.1438,#N/A,-0.5741271,#N/A,0.05292389,#N/A,#N/A,#N/A,#N/A,#N/A,-0.6451666,#N/A,#N/A,#N/A,#N/A,0.5494407,#N/A,#N/A,#N/A,#N/A,#N/A,#N/A,#N/A,#N/A,#N/A
POST,"Post Holdings, Inc.",86.09182,2.190712,0.5395766,0,0.04622532,0.5639126,-0.7383317,0.1250022,6.124286,0,0.02096121,0.02479687,0.03000998,0.04476786,0.8658853,#N/A,0.1351489,0.08804928,11.65637,1.492162,0.1219152,-0.04430412,0.6077349,0.9926404,0.01703954,0.03824142,#N/A,#N/A,-0.0115227,-0.2784213,-1.666667,0.006793976,0.001981307
BRHF,BR Communications,#N/A,#N/A,#N/A,#N/A,#N/A,#N/A,#N/A,#N/A,#N/A,#N/A,#N/A,#N/A,#N/A,#N/A,#N/A,#N/A,#N/A,#N/A,#N/A,#N/A,#N/A,#N/A,#N/A,#N/A,#N/A,#N/A,#N/A,#N/A,#N/A,#N/A,#N/A,#N/A,#N/A
CELH,"Celsius Holdings, Inc.",1145.168,2.450285,0.04962059,0,#N/A,0.07209365,-48.2481,1.404052,16554.72,1,0.507359,0.507359,0.2320265,0.2320265,2.416596,0.002556038,#N/A,0.2722373,-38.18143,363.1315,-0.02208805,-0.01620599,0.07057282,0.5267646,0.005167068,0.01326214,#N/A,#N/A,0.004918923,0,-0.5714286,0.00118464,0.00055467
REED,"Reed's, Inc.",#N/A,-224.5636,0.1582636,0,#N/A,1.348091,0.6472046,0.1918538,55.43373,0,0.1348916,0.1348916,-0.1698999,-0.1698999,0.9371561,#N/A,#N/A,0.7034204,-55.5163,23.26342,-0.6774637,-0.6693367,-1.430192,0.164881,-0.3971119,-0.1083032,#N/A,#N/A,#N/A,-0.08333332,1,#N/A,#N/A
SUMR,"Summer Infant, Inc.",#N/A,-75.29565,0.1008081,0,#N/A,1.802107,-0.6806771,-0.07491358,369.8451,1,0.2150317,0.2150317,-0.05101395,-0.05101395,0.5747264,#N/A,0.07411785,0.1179429,42.16868,0.1756552,-0.2333267,-0.283124,#N/A,0.6205203,#N/A,#N/A,#N/A,#N/A,#N/A,#N/A,#N/A,#N/A,#N/A
PM,Philip Morris International Inc.,17.68734,#N/A,-0.06326699,5.157895,0.07484897,0.1690032,1.158501,0.0923093,6.29543,6,-0.03433018,-0.03433018,0.07357758,0.07357758,0.4695977,#N/A,0.4946774,-0.6432804,9.118795,14.42732,0.07491748,0.07395965,0.1634336,0.9161628,0.05667423,0.06268802,5.921132,0.2475787,0.00129663,-0.04204779,-1.3125,0.00207111,0.000361411
CJJD,China Jo-Jo Drugstores Incorporated,#N/A,-35.04953,3.135074,0,#N/A,7.048344,2.04202,0.1347247,3.001454,3,-0.01986323,-0.01986327,-0.06866372,-0.06866372,0.9787403,#N/A,#N/A,0.0446154,-68.6637,3.240268,-0.007938242,-0.7039877,#N/A,0.1787879,#N/A,#N/A,#N/A,#N/A,#N/A,#N/A,#N/A,#N/A,#N/A
SANW,S&W Seed Company,#N/A,-29.71729,1.012184,0,#N/A,0.7157483,0.5226144,-0.006653028,37.54188,3,-0.01791951,-0.02419974,0.0203141,-0.00495255,0.8017936,0.05621433,#N/A,0.156261,-49.37888,1.227378,-0.2273612,-0.2087386,-0.4106592,0.3543478,-0.3558282,-0.1779141,#N/A,#N/A,-0.1860941,0,-1,0.02249489,0.02322662
AGRO,Adecoagro S.A.,11.33239,13.49357,0.6677682,0,0.01986791,0.4339753,1.238158,0.2761659,549.7032,6,-0.007207329,-0.007207317,0.1040226,0.0856356,0.8377936,#N/A,0.2088013,-0.31027,33.81894,0.5850306,0.194929,0.1650337,1.151372,0.9490774,0.1108087,0.1056195,-0.09133828,0.217569,#N/A,0.2120322,0.75,#N/A,#N/A
CHEF,"Chefs' Warehouse, Inc.",#N/A,-1.417096,0.2578672,0,0.008175369,0.9777797,1.627978,0.5704465,2052.511,6,0.01720701,0.01720703,0.6124065,0.6124065,0.8413619,0,0.1174828,-0.01962295,7.771707,4.055911,-0.01465202,0.006800654,0.3437578,0.9379128,0.02084507,0.02943662,#N/A,#N/A,0.01819718,0.003898562,-0.5714286,0.01330563,0.000556633
GO,Grocery Outlet Holding Corp.,54.22783,6.451717,0.3091899,0,0.02846629,0.6711506,-0.292866,-0.01756433,182.1537,0,0.06236231,0.06236228,-0.1524756,-0.1524756,1.008099,0,0.3479629,0.05650882,47.46205,2.158557,0.04486579,-0.007664557,0.419114,0.8037362,0.02756861,0.03236246,14.82832,0.1583171,0.000834611,0,-0.9285714,0.000937464,0.000366931
DOLE,Dole Plc,#N/A,#N/A,0.8794813,0.6006006,#N/A,2.245357,#N/A,#N/A,1352.452,#N/A,0.2774053,#N/A,0.1108931,#N/A,#N/A,#N/A,#N/A,#N/A,-14.43,0.4788375,#N/A,#N/A,1.302647,0.7332956,0.1057915,0.1293436,6.490138,0.4862236,#N/A,-0.05089677,-0.7142857,#N/A,0.01491967
NOMD,Nomad Foods Ltd.,17.42966,8.242938,0.717963,0,0.07292078,0.5245623,51.09727,0.0738418,18.63847,2,0.05506498,0.05695734,0.01875976,0.01861021,0.776641,#N/A,0.2150553,0.2751655,-23.2686,5.840189,0.08578803,-0.06080862,1.066048,0.6574568,0.08821084,0.09703192,11.42268,0.5794635,0.0106686,-0.02858897,-0.3636364,0.01182123,0.001512936